Package,Built
abind,3.5.2
acepack,3.5.2
animation,3.5.1
anytime,3.5.1
arrayhelpers,3.5.1
assertthat,3.5.2
available,3.5.2
backports,3.5.2
base64enc,3.5.2
bayesplot,3.5.2
bench,3.5.2
BH,3.5.2
bindr,3.5.2
bindrcpp,3.5.2
binman,3.5.1
bit,3.5.0
bit64,3.5.0
blob,3.5.1
blogdown,3.5.2
bookdown,3.5.2
brew,3.5.2
bridgesampling,3.5.1
brms,3.5.2
Brobdingnag,3.5.1
broom,3.5.2
callr,3.5.2
car,3.5.2
carbonate,3.5.1
carData,3.5.2
cellranger,3.5.2
checkmate,3.5.1
classInt,3.5.2
cli,3.5.1
clipr,3.5.2
clisymbols,3.5.2
cmprsk,3.5.2
coda,3.5.1
colorspace,3.5.2
colourpicker,3.5.1
commonmark,3.5.2
config,3.5.2
contrast,3.5.1
cowplot,3.5.2
crayon,3.5.2
crosstalk,3.5.2
CTFun,3.5.1
curl,3.5.2
data.table,3.5.2
datapasta,3.5.1
DBI,3.5.2
dbplyr,3.5.2
desc,3.5.2
devtools,3.5.2
dials,3.5.1
diffobj,3.5.1
digest,3.5.2
dplyr,3.5.2
DT,3.5.1
dygraphs,3.5.1
e1071,3.5.2
egg,3.5.2
emmeans,3.5.1
enc,3.5.2
enrolr,3.5.1
Epi,3.5.2
estimability,3.5.0
etm,3.5.2
evaluate,3.5.2
extrafont,3.5.2
extrafontdb,3.5.2
fansi,3.5.1
farver,3.5.1
fasttime,3.5.0
fbcutils,3.5.1
fmsb,3.5.0
forcats,3.5.2
Formula,3.5.2
fs,3.5.2
fuzzyjoin,3.5.1
gapminder,3.5.1
gdata,3.5.2
geepack,3.5.0
generics,3.5.1
geosphere,3.5.1
gganimate,3.5.1
ggfortify,3.5.1
ggmap,3.5.1
ggorion,3.5.1
ggplot2,3.5.1
ggrepel,3.5.2
ggridges,3.5.1
ggsci,3.5.2
ggstance,3.5.2
ggtextures,3.5.2
ggthemes,3.5.2
ggthemr,3.5.1
gh,3.5.2
gifski,3.5.1
git2r,3.5.2
globals,3.5.1
glue,3.5.2
gmodels,3.5.2
gridExtra,3.5.2
gtable,3.5.2
gtools,3.5.2
haven,3.5.2
HDInterval,3.5.1
here,3.5.2
hexbin,3.5.2
highr,3.5.2
Hmisc,3.5.2
hms,3.5.2
htmlTable,3.5.2
htmltools,3.5.2
htmlwidgets,3.5.1
httpuv,3.5.2
httr,3.5.2
igraph,3.5.1
infer,3.5.1
ini,3.5.2
inline,3.5.2
janitor,3.5.2
jsonlite,3.5.2
khb,3.5.1
knitr,3.5.2
labeling,3.5.2
labelled,3.5.2
LaplacesDemon,3.5.1
later,3.5.2
latticeExtra,3.5.2
lazyeval,3.5.2
lme4,3.5.2
lmerTest,3.5.2
lmtest,3.5.1
lobstr,3.5.2
loo,3.5.1
lpSolve,3.5.2
lsmeans,3.5.1
lubridate,3.5.2
magick,3.5.2
magrittr,3.5.2
mapproj,3.5.1
maps,3.5.2
maptools,3.5.2
markdown,3.5.2
MatrixModels,3.5.2
matrixStats,3.5.2
memoise,3.5.2
microbenchmark,3.5.2
mime,3.5.2
miniCRAN,3.5.1
miniUI,3.5.2
minqa,3.5.2
modelr,3.5.2
multcomp,3.5.1
multcompView,3.5.1
munsell,3.5.2
naniar,3.5.2
nleqslv,3.5.0
nloptr,3.5.2
numDeriv,3.5.2
odbc,3.5.1
ompr,3.5.2
openssl,3.5.2
openxlsx,3.5.2
pander,3.5.2
parsedate,3.5.2
parsnip,3.5.1
pbkrtest,3.5.2
pdftools,3.5.1
pillar,3.5.2
pkgbuild,3.5.2
pkgconfig,3.5.1
pkgload,3.5.2
pkgsearch,3.5.2
PKI,3.5.0
plogr,3.5.2
plotly,3.5.2
plyr,3.5.2
polspline,3.5.0
prettyunits,3.5.2
pROC,3.5.1
processx,3.5.2
profmem,3.5.2
profvis,3.5.2
progress,3.5.2
promises,3.5.2
ps,3.5.2
purrr,3.5.1
pxweb,3.5.1
quantreg,3.5.2
r2d3,3.5.1
R6,3.5.1
RApiDatetime,3.5.0
rappdirs,3.5.1
rcmdcheck,3.5.2
RColorBrewer,3.5.2
Rcpp,3.5.1
RcppArmadillo,3.5.2
RcppEigen,3.5.2
RCurl,3.5.1
RDCOMClient,3.5.0
readr,3.5.2
readxl,3.5.2
recipes,3.5.1
refals,3.5.1
registry,3.5.2
rematch,3.5.2
remotes,3.5.2
reprex,3.5.2
reshape2,3.5.2
reticulate,3.5.2
rex,3.5.2
RgoogleMaps,3.5.1
rio,3.5.2
rJava,3.5.0
rjson,3.5.0
RJSONIO,3.5.0
rlang,3.5.2
rmarkdown,3.5.2
rms,3.5.1
ROI,3.5.2
roxygen2,3.5.2
roxygen2md,3.5.2
rprojroot,3.5.2
rsample,3.5.2
rsconnect,3.5.1
RSelenium,3.5.1
rspiro,3.5.1
rstan,3.5.2
rstanarm,3.5.2
rstantools,3.5.1
rstudioapi,3.5.1
rsvg,3.5.2
Rttf2pt1,3.5.2
rtweet,3.5.1
RUnit,3.5.1
rvest,3.5.2
scales,3.5.1
scam,3.5.1
selectr,3.5.2
semver,3.5.1
servr,3.5.2
sessioninfo,3.5.2
sf,3.5.2
shiny,3.5.1
shinyjs,3.5.1
shinystan,3.5.1
shinythemes,3.5.1
skimr,3.5.2
slam,3.5.2
sloop,3.5.1
snakecase,3.5.2
SnowballC,3.5.2
sourcetools,3.5.2
sp,3.5.2
SparseM,3.5.2
StanHeaders,3.5.1
stringdist,3.5.2
stringi,3.5.1
stringr,3.5.2
subprocess,3.5.1
survey,3.5.2
svUnit,3.5.1
systemfit,3.5.1
tableone,3.5.2
tabulizer,3.5.1
tabulizerjars,3.5.0
tensorflow,3.5.2
tfruns,3.5.2
threejs,3.5.1
tibble,3.5.1
tidybayes,3.5.2
tidymodels,3.5.1
tidyposterior,3.5.1
tidypredict,3.5.1
tidyr,3.5.1
tidyselect,3.5.1
tidytext,3.5.1
tidyverse,3.5.2
tinytex,3.5.2
TraMineR,3.5.1
transformr,3.5.1
tsibble,3.5.1
tweenr,3.5.1
udapi,3.5.2
units,3.5.2
UpSetR,3.5.1
usethis,3.5.2
utf8,3.5.2
vctrs,3.5.1
viridis,3.5.2
viridisLite,3.5.2
visdat,3.5.2
visreg,3.5.1
wdman,3.5.1
whisker,3.5.2
whoami,3.5.1
widgetframe,3.5.1
withr,3.5.2
WrapRmd,3.5.1
xaringan,3.5.2
xfun,3.5.2
xml2,3.5.2
xopen,3.5.2
xtable,3.5.2
xts,3.5.1
yaml,3.5.2
yardstick,3.5.1
yesno,3.5.2
zeallot,3.5.1
zip,3.5.2
zoo,3.5.2
