Package,LibPath,Version,Priority,Built
abind,C:/Users/mikkmart/OneDrive - Orion Corporation/R/win-library/3.5,1.4-5,NA,3.5.2
acepack,C:/Users/mikkmart/OneDrive - Orion Corporation/R/win-library/3.5,1.4.1,NA,3.5.2
animation,C:/Users/mikkmart/OneDrive - Orion Corporation/R/win-library/3.5,2.5,NA,3.5.1
anytime,C:/Users/mikkmart/OneDrive - Orion Corporation/R/win-library/3.5,0.3.1,NA,3.5.1
arrayhelpers,C:/Users/mikkmart/OneDrive - Orion Corporation/R/win-library/3.5,1.0-20160527,NA,3.5.1
assertthat,C:/Users/mikkmart/OneDrive - Orion Corporation/R/win-library/3.5,0.2.0,NA,3.5.2
available,C:/Users/mikkmart/OneDrive - Orion Corporation/R/win-library/3.5,1.0.2,NA,3.5.2
backports,C:/Users/mikkmart/OneDrive - Orion Corporation/R/win-library/3.5,1.1.3,NA,3.5.2
base64enc,C:/Users/mikkmart/OneDrive - Orion Corporation/R/win-library/3.5,0.1-3,NA,3.5.2
bayesplot,C:/Users/mikkmart/OneDrive - Orion Corporation/R/win-library/3.5,1.6.0,NA,3.5.2
bench,C:/Users/mikkmart/OneDrive - Orion Corporation/R/win-library/3.5,1.0.1,NA,3.5.2
BH,C:/Users/mikkmart/OneDrive - Orion Corporation/R/win-library/3.5,1.66.0-1,NA,3.5.2
bindr,C:/Users/mikkmart/OneDrive - Orion Corporation/R/win-library/3.5,0.1.1,NA,3.5.2
bindrcpp,C:/Users/mikkmart/OneDrive - Orion Corporation/R/win-library/3.5,0.2.2,NA,3.5.2
binman,C:/Users/mikkmart/OneDrive - Orion Corporation/R/win-library/3.5,0.1.1,NA,3.5.1
bit,C:/Users/mikkmart/OneDrive - Orion Corporation/R/win-library/3.5,1.1-14,NA,3.5.0
bit64,C:/Users/mikkmart/OneDrive - Orion Corporation/R/win-library/3.5,0.9-7,NA,3.5.0
blob,C:/Users/mikkmart/OneDrive - Orion Corporation/R/win-library/3.5,1.1.1,NA,3.5.1
blogdown,C:/Users/mikkmart/OneDrive - Orion Corporation/R/win-library/3.5,0.9,NA,3.5.2
bookdown,C:/Users/mikkmart/OneDrive - Orion Corporation/R/win-library/3.5,0.9,NA,3.5.2
brew,C:/Users/mikkmart/OneDrive - Orion Corporation/R/win-library/3.5,1.0-6,NA,3.5.2
bridgesampling,C:/Users/mikkmart/OneDrive - Orion Corporation/R/win-library/3.5,0.5-2,NA,3.5.1
brms,C:/Users/mikkmart/OneDrive - Orion Corporation/R/win-library/3.5,2.7.0,NA,3.5.2
Brobdingnag,C:/Users/mikkmart/OneDrive - Orion Corporation/R/win-library/3.5,1.2-6,NA,3.5.1
broom,C:/Users/mikkmart/OneDrive - Orion Corporation/R/win-library/3.5,0.5.1,NA,3.5.2
callr,C:/Users/mikkmart/OneDrive - Orion Corporation/R/win-library/3.5,3.1.1,NA,3.5.2
car,C:/Users/mikkmart/OneDrive - Orion Corporation/R/win-library/3.5,3.0-2,NA,3.5.2
carbonate,C:/Users/mikkmart/OneDrive - Orion Corporation/R/win-library/3.5,0.1.0,NA,3.5.1
carData,C:/Users/mikkmart/OneDrive - Orion Corporation/R/win-library/3.5,3.0-2,NA,3.5.2
cellranger,C:/Users/mikkmart/OneDrive - Orion Corporation/R/win-library/3.5,1.1.0,NA,3.5.2
checkmate,C:/Users/mikkmart/OneDrive - Orion Corporation/R/win-library/3.5,1.8.5,NA,3.5.1
classInt,C:/Users/mikkmart/OneDrive - Orion Corporation/R/win-library/3.5,0.3-1,NA,3.5.2
cli,C:/Users/mikkmart/OneDrive - Orion Corporation/R/win-library/3.5,1.0.1,NA,3.5.1
clipr,C:/Users/mikkmart/OneDrive - Orion Corporation/R/win-library/3.5,0.4.1,NA,3.5.2
clisymbols,C:/Users/mikkmart/OneDrive - Orion Corporation/R/win-library/3.5,1.2.0,NA,3.5.2
cmprsk,C:/Users/mikkmart/OneDrive - Orion Corporation/R/win-library/3.5,2.2-7,NA,3.5.2
coda,C:/Users/mikkmart/OneDrive - Orion Corporation/R/win-library/3.5,0.19-1,NA,3.5.1
colorspace,C:/Users/mikkmart/OneDrive - Orion Corporation/R/win-library/3.5,1.3-2,NA,3.5.2
colourpicker,C:/Users/mikkmart/OneDrive - Orion Corporation/R/win-library/3.5,1.0,NA,3.5.1
commonmark,C:/Users/mikkmart/OneDrive - Orion Corporation/R/win-library/3.5,1.7,NA,3.5.2
config,C:/Users/mikkmart/OneDrive - Orion Corporation/R/win-library/3.5,0.3,NA,3.5.2
contrast,C:/Users/mikkmart/OneDrive - Orion Corporation/R/win-library/3.5,0.21,NA,3.5.1
cowplot,C:/Users/mikkmart/OneDrive - Orion Corporation/R/win-library/3.5,0.9.3,NA,3.5.2
crayon,C:/Users/mikkmart/OneDrive - Orion Corporation/R/win-library/3.5,1.3.4,NA,3.5.2
crosstalk,C:/Users/mikkmart/OneDrive - Orion Corporation/R/win-library/3.5,1.0.0,NA,3.5.2
CTFun,C:/Users/mikkmart/OneDrive - Orion Corporation/R/win-library/3.5,1.8.8,NA,3.5.1
curl,C:/Users/mikkmart/OneDrive - Orion Corporation/R/win-library/3.5,3.2,NA,3.5.2
data.table,C:/Users/mikkmart/OneDrive - Orion Corporation/R/win-library/3.5,1.11.8,NA,3.5.2
datapasta,C:/Users/mikkmart/OneDrive - Orion Corporation/R/win-library/3.5,3.0.0,NA,3.5.1
DBI,C:/Users/mikkmart/OneDrive - Orion Corporation/R/win-library/3.5,1.0.0,NA,3.5.2
dbplyr,C:/Users/mikkmart/OneDrive - Orion Corporation/R/win-library/3.5,1.2.2,NA,3.5.2
desc,C:/Users/mikkmart/OneDrive - Orion Corporation/R/win-library/3.5,1.2.0,NA,3.5.2
devtools,C:/Users/mikkmart/OneDrive - Orion Corporation/R/win-library/3.5,2.0.1,NA,3.5.2
dials,C:/Users/mikkmart/OneDrive - Orion Corporation/R/win-library/3.5,0.0.1,NA,3.5.1
diffobj,C:/Users/mikkmart/OneDrive - Orion Corporation/R/win-library/3.5,0.1.11,NA,3.5.1
digest,C:/Users/mikkmart/OneDrive - Orion Corporation/R/win-library/3.5,0.6.18,NA,3.5.2
dplyr,C:/Users/mikkmart/OneDrive - Orion Corporation/R/win-library/3.5,0.7.99.9000,NA,3.5.2
DT,C:/Users/mikkmart/OneDrive - Orion Corporation/R/win-library/3.5,0.4,NA,3.5.1
dygraphs,C:/Users/mikkmart/OneDrive - Orion Corporation/R/win-library/3.5,1.1.1.6,NA,3.5.1
e1071,C:/Users/mikkmart/OneDrive - Orion Corporation/R/win-library/3.5,1.7-0,NA,3.5.2
egg,C:/Users/mikkmart/OneDrive - Orion Corporation/R/win-library/3.5,0.4.2,NA,3.5.2
emmeans,C:/Users/mikkmart/OneDrive - Orion Corporation/R/win-library/3.5,1.3.0,NA,3.5.1
enc,C:/Users/mikkmart/OneDrive - Orion Corporation/R/win-library/3.5,0.2.0,NA,3.5.2
enrolr,C:/Users/mikkmart/OneDrive - Orion Corporation/R/win-library/3.5,0.1.0,NA,3.5.1
Epi,C:/Users/mikkmart/OneDrive - Orion Corporation/R/win-library/3.5,2.32,NA,3.5.2
estimability,C:/Users/mikkmart/OneDrive - Orion Corporation/R/win-library/3.5,1.3,NA,3.5.0
etm,C:/Users/mikkmart/OneDrive - Orion Corporation/R/win-library/3.5,1.0.4,NA,3.5.2
evaluate,C:/Users/mikkmart/OneDrive - Orion Corporation/R/win-library/3.5,0.12,NA,3.5.2
extrafont,C:/Users/mikkmart/OneDrive - Orion Corporation/R/win-library/3.5,0.17,NA,3.5.2
extrafontdb,C:/Users/mikkmart/OneDrive - Orion Corporation/R/win-library/3.5,1.0,NA,3.5.2
fansi,C:/Users/mikkmart/OneDrive - Orion Corporation/R/win-library/3.5,0.4.0,NA,3.5.1
farver,C:/Users/mikkmart/OneDrive - Orion Corporation/R/win-library/3.5,1.0.0.9999,NA,3.5.1
fasttime,C:/Users/mikkmart/OneDrive - Orion Corporation/R/win-library/3.5,1.0-2,NA,3.5.0
fbcutils,C:/Users/mikkmart/OneDrive - Orion Corporation/R/win-library/3.5,0.0.0.9000,NA,3.5.1
fmsb,C:/Users/mikkmart/OneDrive - Orion Corporation/R/win-library/3.5,0.6.3,NA,3.5.0
forcats,C:/Users/mikkmart/OneDrive - Orion Corporation/R/win-library/3.5,0.3.0,NA,3.5.2
Formula,C:/Users/mikkmart/OneDrive - Orion Corporation/R/win-library/3.5,1.2-3,NA,3.5.2
fs,C:/Users/mikkmart/OneDrive - Orion Corporation/R/win-library/3.5,1.2.6,NA,3.5.2
fuzzyjoin,C:/Users/mikkmart/OneDrive - Orion Corporation/R/win-library/3.5,0.1.4,NA,3.5.1
gapminder,C:/Users/mikkmart/OneDrive - Orion Corporation/R/win-library/3.5,0.3.0,NA,3.5.1
gdata,C:/Users/mikkmart/OneDrive - Orion Corporation/R/win-library/3.5,2.18.0,NA,3.5.2
geepack,C:/Users/mikkmart/OneDrive - Orion Corporation/R/win-library/3.5,1.2-1,NA,3.5.0
generics,C:/Users/mikkmart/OneDrive - Orion Corporation/R/win-library/3.5,0.0.2,NA,3.5.1
geosphere,C:/Users/mikkmart/OneDrive - Orion Corporation/R/win-library/3.5,1.5-7,NA,3.5.1
gganimate,C:/Users/mikkmart/OneDrive - Orion Corporation/R/win-library/3.5,0.9.9.9999,NA,3.5.1
ggfortify,C:/Users/mikkmart/OneDrive - Orion Corporation/R/win-library/3.5,0.4.5,NA,3.5.1
ggmap,C:/Users/mikkmart/OneDrive - Orion Corporation/R/win-library/3.5,2.6.1,NA,3.5.1
ggorion,C:/Users/mikkmart/OneDrive - Orion Corporation/R/win-library/3.5,0.1.1.9000,NA,3.5.1
ggplot2,C:/Users/mikkmart/OneDrive - Orion Corporation/R/win-library/3.5,3.1.0,NA,3.5.1
ggrepel,C:/Users/mikkmart/OneDrive - Orion Corporation/R/win-library/3.5,0.8.0,NA,3.5.2
ggridges,C:/Users/mikkmart/OneDrive - Orion Corporation/R/win-library/3.5,0.5.0,NA,3.5.1
ggsci,C:/Users/mikkmart/OneDrive - Orion Corporation/R/win-library/3.5,2.9,NA,3.5.2
ggstance,C:/Users/mikkmart/OneDrive - Orion Corporation/R/win-library/3.5,0.3.1,NA,3.5.2
ggtextures,C:/Users/mikkmart/OneDrive - Orion Corporation/R/win-library/3.5,0.0.1,NA,3.5.2
ggthemes,C:/Users/mikkmart/OneDrive - Orion Corporation/R/win-library/3.5,4.0.1,NA,3.5.2
ggthemr,C:/Users/mikkmart/OneDrive - Orion Corporation/R/win-library/3.5,1.1.0,NA,3.5.1
gh,C:/Users/mikkmart/OneDrive - Orion Corporation/R/win-library/3.5,1.0.1,NA,3.5.2
gifski,C:/Users/mikkmart/OneDrive - Orion Corporation/R/win-library/3.5,0.8.6,NA,3.5.1
git2r,C:/Users/mikkmart/OneDrive - Orion Corporation/R/win-library/3.5,0.23.0,NA,3.5.2
globals,C:/Users/mikkmart/OneDrive - Orion Corporation/R/win-library/3.5,0.12.4,NA,3.5.1
glue,C:/Users/mikkmart/OneDrive - Orion Corporation/R/win-library/3.5,1.3.0,NA,3.5.2
gmodels,C:/Users/mikkmart/OneDrive - Orion Corporation/R/win-library/3.5,2.18.1,NA,3.5.2
gridExtra,C:/Users/mikkmart/OneDrive - Orion Corporation/R/win-library/3.5,2.3,NA,3.5.2
gtable,C:/Users/mikkmart/OneDrive - Orion Corporation/R/win-library/3.5,0.2.0,NA,3.5.2
gtools,C:/Users/mikkmart/OneDrive - Orion Corporation/R/win-library/3.5,3.8.1,NA,3.5.2
haven,C:/Users/mikkmart/OneDrive - Orion Corporation/R/win-library/3.5,2.0.0,NA,3.5.2
HDInterval,C:/Users/mikkmart/OneDrive - Orion Corporation/R/win-library/3.5,0.2.0,NA,3.5.1
here,C:/Users/mikkmart/OneDrive - Orion Corporation/R/win-library/3.5,0.1,NA,3.5.2
hexbin,C:/Users/mikkmart/OneDrive - Orion Corporation/R/win-library/3.5,1.27.2,NA,3.5.2
highr,C:/Users/mikkmart/OneDrive - Orion Corporation/R/win-library/3.5,0.7,NA,3.5.2
Hmisc,C:/Users/mikkmart/OneDrive - Orion Corporation/R/win-library/3.5,4.1-1,NA,3.5.2
hms,C:/Users/mikkmart/OneDrive - Orion Corporation/R/win-library/3.5,0.4.2,NA,3.5.2
htmlTable,C:/Users/mikkmart/OneDrive - Orion Corporation/R/win-library/3.5,1.12,NA,3.5.2
htmltools,C:/Users/mikkmart/OneDrive - Orion Corporation/R/win-library/3.5,0.3.6,NA,3.5.2
htmlwidgets,C:/Users/mikkmart/OneDrive - Orion Corporation/R/win-library/3.5,1.3,NA,3.5.1
httpuv,C:/Users/mikkmart/OneDrive - Orion Corporation/R/win-library/3.5,1.4.5.1,NA,3.5.2
httr,C:/Users/mikkmart/OneDrive - Orion Corporation/R/win-library/3.5,1.4.0,NA,3.5.2
igraph,C:/Users/mikkmart/OneDrive - Orion Corporation/R/win-library/3.5,1.2.2,NA,3.5.1
infer,C:/Users/mikkmart/OneDrive - Orion Corporation/R/win-library/3.5,0.4.0,NA,3.5.1
ini,C:/Users/mikkmart/OneDrive - Orion Corporation/R/win-library/3.5,0.3.1,NA,3.5.2
inline,C:/Users/mikkmart/OneDrive - Orion Corporation/R/win-library/3.5,0.3.15,NA,3.5.2
janitor,C:/Users/mikkmart/OneDrive - Orion Corporation/R/win-library/3.5,1.1.1,NA,3.5.2
jsonlite,C:/Users/mikkmart/OneDrive - Orion Corporation/R/win-library/3.5,1.6,NA,3.5.2
khb,C:/Users/mikkmart/OneDrive - Orion Corporation/R/win-library/3.5,0.1,NA,3.5.1
knitr,C:/Users/mikkmart/OneDrive - Orion Corporation/R/win-library/3.5,1.21,NA,3.5.2
labeling,C:/Users/mikkmart/OneDrive - Orion Corporation/R/win-library/3.5,0.3,NA,3.5.2
labelled,C:/Users/mikkmart/OneDrive - Orion Corporation/R/win-library/3.5,2.0.1,NA,3.5.2
LaplacesDemon,C:/Users/mikkmart/OneDrive - Orion Corporation/R/win-library/3.5,16.1.1,NA,3.5.1
later,C:/Users/mikkmart/OneDrive - Orion Corporation/R/win-library/3.5,0.7.5,NA,3.5.2
latticeExtra,C:/Users/mikkmart/OneDrive - Orion Corporation/R/win-library/3.5,0.6-28,NA,3.5.2
lazyeval,C:/Users/mikkmart/OneDrive - Orion Corporation/R/win-library/3.5,0.2.1,NA,3.5.2
lme4,C:/Users/mikkmart/OneDrive - Orion Corporation/R/win-library/3.5,1.1-19,NA,3.5.2
lmerTest,C:/Users/mikkmart/OneDrive - Orion Corporation/R/win-library/3.5,3.0-1,NA,3.5.2
lmtest,C:/Users/mikkmart/OneDrive - Orion Corporation/R/win-library/3.5,0.9-36,NA,3.5.1
lobstr,C:/Users/mikkmart/OneDrive - Orion Corporation/R/win-library/3.5,1.0.1.9000,NA,3.5.2
loo,C:/Users/mikkmart/OneDrive - Orion Corporation/R/win-library/3.5,2.0.0,NA,3.5.1
lpSolve,C:/Users/mikkmart/OneDrive - Orion Corporation/R/win-library/3.5,5.6.13,NA,3.5.2
lsmeans,C:/Users/mikkmart/OneDrive - Orion Corporation/R/win-library/3.5,2.30-0,NA,3.5.1
lubridate,C:/Users/mikkmart/OneDrive - Orion Corporation/R/win-library/3.5,1.7.4,NA,3.5.2
magick,C:/Users/mikkmart/OneDrive - Orion Corporation/R/win-library/3.5,2.0,NA,3.5.2
magrittr,C:/Users/mikkmart/OneDrive - Orion Corporation/R/win-library/3.5,1.5,NA,3.5.2
mapproj,C:/Users/mikkmart/OneDrive - Orion Corporation/R/win-library/3.5,1.2.6,NA,3.5.1
maps,C:/Users/mikkmart/OneDrive - Orion Corporation/R/win-library/3.5,3.3.0,NA,3.5.2
maptools,C:/Users/mikkmart/OneDrive - Orion Corporation/R/win-library/3.5,0.9-4,NA,3.5.2
markdown,C:/Users/mikkmart/OneDrive - Orion Corporation/R/win-library/3.5,0.9,NA,3.5.2
MatrixModels,C:/Users/mikkmart/OneDrive - Orion Corporation/R/win-library/3.5,0.4-1,NA,3.5.2
matrixStats,C:/Users/mikkmart/OneDrive - Orion Corporation/R/win-library/3.5,0.54.0,NA,3.5.2
memoise,C:/Users/mikkmart/OneDrive - Orion Corporation/R/win-library/3.5,1.1.0,NA,3.5.2
microbenchmark,C:/Users/mikkmart/OneDrive - Orion Corporation/R/win-library/3.5,1.4-6,NA,3.5.2
mime,C:/Users/mikkmart/OneDrive - Orion Corporation/R/win-library/3.5,0.6,NA,3.5.2
miniCRAN,C:/Users/mikkmart/OneDrive - Orion Corporation/R/win-library/3.5,0.2.11,NA,3.5.1
miniUI,C:/Users/mikkmart/OneDrive - Orion Corporation/R/win-library/3.5,0.1.1.1,NA,3.5.2
minqa,C:/Users/mikkmart/OneDrive - Orion Corporation/R/win-library/3.5,1.2.4,NA,3.5.2
modelr,C:/Users/mikkmart/OneDrive - Orion Corporation/R/win-library/3.5,0.1.2,NA,3.5.2
multcomp,C:/Users/mikkmart/OneDrive - Orion Corporation/R/win-library/3.5,1.4-8,NA,3.5.1
multcompView,C:/Users/mikkmart/OneDrive - Orion Corporation/R/win-library/3.5,0.1-7,NA,3.5.1
munsell,C:/Users/mikkmart/OneDrive - Orion Corporation/R/win-library/3.5,0.5.0,NA,3.5.2
naniar,C:/Users/mikkmart/OneDrive - Orion Corporation/R/win-library/3.5,0.4.1,NA,3.5.2
nleqslv,C:/Users/mikkmart/OneDrive - Orion Corporation/R/win-library/3.5,3.3.2,NA,3.5.0
nloptr,C:/Users/mikkmart/OneDrive - Orion Corporation/R/win-library/3.5,1.2.1,NA,3.5.2
numDeriv,C:/Users/mikkmart/OneDrive - Orion Corporation/R/win-library/3.5,2016.8-1,NA,3.5.2
odbc,C:/Users/mikkmart/OneDrive - Orion Corporation/R/win-library/3.5,1.1.6,NA,3.5.1
ompr,C:/Users/mikkmart/OneDrive - Orion Corporation/R/win-library/3.5,0.8.0,NA,3.5.2
openssl,C:/Users/mikkmart/OneDrive - Orion Corporation/R/win-library/3.5,1.1,NA,3.5.2
openxlsx,C:/Users/mikkmart/OneDrive - Orion Corporation/R/win-library/3.5,4.1.0,NA,3.5.2
pander,C:/Users/mikkmart/OneDrive - Orion Corporation/R/win-library/3.5,0.6.3,NA,3.5.2
parsedate,C:/Users/mikkmart/OneDrive - Orion Corporation/R/win-library/3.5,1.1.3,NA,3.5.2
parsnip,C:/Users/mikkmart/OneDrive - Orion Corporation/R/win-library/3.5,0.0.1,NA,3.5.1
pbkrtest,C:/Users/mikkmart/OneDrive - Orion Corporation/R/win-library/3.5,0.4-7,NA,3.5.2
pdftools,C:/Users/mikkmart/OneDrive - Orion Corporation/R/win-library/3.5,1.8,NA,3.5.1
pillar,C:/Users/mikkmart/OneDrive - Orion Corporation/R/win-library/3.5,1.3.1.9000,NA,3.5.2
pkgbuild,C:/Users/mikkmart/OneDrive - Orion Corporation/R/win-library/3.5,1.0.2,NA,3.5.2
pkgconfig,C:/Users/mikkmart/OneDrive - Orion Corporation/R/win-library/3.5,2.0.2,NA,3.5.1
pkgload,C:/Users/mikkmart/OneDrive - Orion Corporation/R/win-library/3.5,1.0.2,NA,3.5.2
pkgsearch,C:/Users/mikkmart/OneDrive - Orion Corporation/R/win-library/3.5,2.0.1,NA,3.5.2
PKI,C:/Users/mikkmart/OneDrive - Orion Corporation/R/win-library/3.5,0.1-5.1,NA,3.5.0
plogr,C:/Users/mikkmart/OneDrive - Orion Corporation/R/win-library/3.5,0.2.0,NA,3.5.2
plotly,C:/Users/mikkmart/OneDrive - Orion Corporation/R/win-library/3.5,4.8.0,NA,3.5.2
plyr,C:/Users/mikkmart/OneDrive - Orion Corporation/R/win-library/3.5,1.8.4,NA,3.5.2
polspline,C:/Users/mikkmart/OneDrive - Orion Corporation/R/win-library/3.5,1.1.13,NA,3.5.0
prettyunits,C:/Users/mikkmart/OneDrive - Orion Corporation/R/win-library/3.5,1.0.2,NA,3.5.2
pROC,C:/Users/mikkmart/OneDrive - Orion Corporation/R/win-library/3.5,1.13.0,NA,3.5.1
processx,C:/Users/mikkmart/OneDrive - Orion Corporation/R/win-library/3.5,3.2.1,NA,3.5.2
profmem,C:/Users/mikkmart/OneDrive - Orion Corporation/R/win-library/3.5,0.5.0,NA,3.5.2
profvis,C:/Users/mikkmart/OneDrive - Orion Corporation/R/win-library/3.5,0.3.5,NA,3.5.2
progress,C:/Users/mikkmart/OneDrive - Orion Corporation/R/win-library/3.5,1.2.0,NA,3.5.2
promises,C:/Users/mikkmart/OneDrive - Orion Corporation/R/win-library/3.5,1.0.1,NA,3.5.2
ps,C:/Users/mikkmart/OneDrive - Orion Corporation/R/win-library/3.5,1.3.0,NA,3.5.2
purrr,C:/Users/mikkmart/OneDrive - Orion Corporation/R/win-library/3.5,0.2.5.9000,NA,3.5.1
pxweb,C:/Users/mikkmart/OneDrive - Orion Corporation/R/win-library/3.5,0.8.3,NA,3.5.1
quantreg,C:/Users/mikkmart/OneDrive - Orion Corporation/R/win-library/3.5,5.38,NA,3.5.2
r2d3,C:/Users/mikkmart/OneDrive - Orion Corporation/R/win-library/3.5,0.2.2,NA,3.5.1
R6,C:/Users/mikkmart/OneDrive - Orion Corporation/R/win-library/3.5,2.3.0,NA,3.5.1
RApiDatetime,C:/Users/mikkmart/OneDrive - Orion Corporation/R/win-library/3.5,0.0.3,NA,3.5.0
rappdirs,C:/Users/mikkmart/OneDrive - Orion Corporation/R/win-library/3.5,0.3.1,NA,3.5.1
rcmdcheck,C:/Users/mikkmart/OneDrive - Orion Corporation/R/win-library/3.5,1.3.2,NA,3.5.2
RColorBrewer,C:/Users/mikkmart/OneDrive - Orion Corporation/R/win-library/3.5,1.1-2,NA,3.5.2
Rcpp,C:/Users/mikkmart/OneDrive - Orion Corporation/R/win-library/3.5,1.0.0,NA,3.5.1
RcppArmadillo,C:/Users/mikkmart/OneDrive - Orion Corporation/R/win-library/3.5,0.9.200.5.0,NA,3.5.2
RcppEigen,C:/Users/mikkmart/OneDrive - Orion Corporation/R/win-library/3.5,0.3.3.5.0,NA,3.5.2
RCurl,C:/Users/mikkmart/OneDrive - Orion Corporation/R/win-library/3.5,1.95-4.11,NA,3.5.1
RDCOMClient,C:/Users/mikkmart/OneDrive - Orion Corporation/R/win-library/3.5,0.93-0,NA,3.5.0
readr,C:/Users/mikkmart/OneDrive - Orion Corporation/R/win-library/3.5,1.3.1,NA,3.5.2
readxl,C:/Users/mikkmart/OneDrive - Orion Corporation/R/win-library/3.5,1.2.0,NA,3.5.2
recipes,C:/Users/mikkmart/OneDrive - Orion Corporation/R/win-library/3.5,0.1.4,NA,3.5.1
refals,C:/Users/mikkmart/OneDrive - Orion Corporation/R/win-library/3.5,0.0.9000,NA,3.5.1
registry,C:/Users/mikkmart/OneDrive - Orion Corporation/R/win-library/3.5,0.5,NA,3.5.2
rematch,C:/Users/mikkmart/OneDrive - Orion Corporation/R/win-library/3.5,1.0.1,NA,3.5.2
remotes,C:/Users/mikkmart/OneDrive - Orion Corporation/R/win-library/3.5,2.0.2,NA,3.5.2
reprex,C:/Users/mikkmart/OneDrive - Orion Corporation/R/win-library/3.5,0.2.1.9000,NA,3.5.2
reshape2,C:/Users/mikkmart/OneDrive - Orion Corporation/R/win-library/3.5,1.4.3,NA,3.5.2
reticulate,C:/Users/mikkmart/OneDrive - Orion Corporation/R/win-library/3.5,1.10,NA,3.5.2
rex,C:/Users/mikkmart/OneDrive - Orion Corporation/R/win-library/3.5,1.1.2,NA,3.5.2
RgoogleMaps,C:/Users/mikkmart/OneDrive - Orion Corporation/R/win-library/3.5,1.4.2,NA,3.5.1
rio,C:/Users/mikkmart/OneDrive - Orion Corporation/R/win-library/3.5,0.5.16,NA,3.5.2
rJava,C:/Users/mikkmart/OneDrive - Orion Corporation/R/win-library/3.5,0.9-10,NA,3.5.0
rjson,C:/Users/mikkmart/OneDrive - Orion Corporation/R/win-library/3.5,0.2.20,NA,3.5.0
RJSONIO,C:/Users/mikkmart/OneDrive - Orion Corporation/R/win-library/3.5,1.3-0,NA,3.5.0
rlang,C:/Users/mikkmart/OneDrive - Orion Corporation/R/win-library/3.5,0.3.0.1,NA,3.5.2
rmarkdown,C:/Users/mikkmart/OneDrive - Orion Corporation/R/win-library/3.5,1.11,NA,3.5.2
rms,C:/Users/mikkmart/OneDrive - Orion Corporation/R/win-library/3.5,5.1-2,NA,3.5.1
ROI,C:/Users/mikkmart/OneDrive - Orion Corporation/R/win-library/3.5,0.3-1,NA,3.5.2
roxygen2,C:/Users/mikkmart/OneDrive - Orion Corporation/R/win-library/3.5,6.1.1,NA,3.5.2
roxygen2md,C:/Users/mikkmart/OneDrive - Orion Corporation/R/win-library/3.5,0.0.4.9000,NA,3.5.2
rprojroot,C:/Users/mikkmart/OneDrive - Orion Corporation/R/win-library/3.5,1.3-2,NA,3.5.2
rsample,C:/Users/mikkmart/OneDrive - Orion Corporation/R/win-library/3.5,0.0.3,NA,3.5.2
rsconnect,C:/Users/mikkmart/OneDrive - Orion Corporation/R/win-library/3.5,0.8.8,NA,3.5.1
RSelenium,C:/Users/mikkmart/OneDrive - Orion Corporation/R/win-library/3.5,1.7.4,NA,3.5.1
rspiro,C:/Users/mikkmart/OneDrive - Orion Corporation/R/win-library/3.5,0.1,NA,3.5.1
rstan,C:/Users/mikkmart/OneDrive - Orion Corporation/R/win-library/3.5,2.18.2,NA,3.5.2
rstanarm,C:/Users/mikkmart/OneDrive - Orion Corporation/R/win-library/3.5,2.18.2,NA,3.5.2
rstantools,C:/Users/mikkmart/OneDrive - Orion Corporation/R/win-library/3.5,1.5.0,NA,3.5.1
rstudioapi,C:/Users/mikkmart/OneDrive - Orion Corporation/R/win-library/3.5,0.8,NA,3.5.1
rsvg,C:/Users/mikkmart/OneDrive - Orion Corporation/R/win-library/3.5,1.3,NA,3.5.2
Rttf2pt1,C:/Users/mikkmart/OneDrive - Orion Corporation/R/win-library/3.5,1.3.7,NA,3.5.2
rtweet,C:/Users/mikkmart/OneDrive - Orion Corporation/R/win-library/3.5,0.6.8,NA,3.5.1
RUnit,C:/Users/mikkmart/OneDrive - Orion Corporation/R/win-library/3.5,0.4.32,NA,3.5.1
rvest,C:/Users/mikkmart/OneDrive - Orion Corporation/R/win-library/3.5,0.3.2,NA,3.5.2
scales,C:/Users/mikkmart/OneDrive - Orion Corporation/R/win-library/3.5,1.0.0,NA,3.5.1
scam,C:/Users/mikkmart/OneDrive - Orion Corporation/R/win-library/3.5,1.2-3,NA,3.5.1
selectr,C:/Users/mikkmart/OneDrive - Orion Corporation/R/win-library/3.5,0.4-1,NA,3.5.2
semver,C:/Users/mikkmart/OneDrive - Orion Corporation/R/win-library/3.5,0.2.0,NA,3.5.1
servr,C:/Users/mikkmart/OneDrive - Orion Corporation/R/win-library/3.5,0.11,NA,3.5.2
sessioninfo,C:/Users/mikkmart/OneDrive - Orion Corporation/R/win-library/3.5,1.1.1,NA,3.5.2
sf,C:/Users/mikkmart/OneDrive - Orion Corporation/R/win-library/3.5,0.7-2,NA,3.5.2
shiny,C:/Users/mikkmart/OneDrive - Orion Corporation/R/win-library/3.5,1.2.0,NA,3.5.1
shinyjs,C:/Users/mikkmart/OneDrive - Orion Corporation/R/win-library/3.5,1.0,NA,3.5.1
shinystan,C:/Users/mikkmart/OneDrive - Orion Corporation/R/win-library/3.5,2.5.0,NA,3.5.1
shinythemes,C:/Users/mikkmart/OneDrive - Orion Corporation/R/win-library/3.5,1.1.1,NA,3.5.1
skimr,C:/Users/mikkmart/OneDrive - Orion Corporation/R/win-library/3.5,1.0.3,NA,3.5.2
slam,C:/Users/mikkmart/OneDrive - Orion Corporation/R/win-library/3.5,0.1-44,NA,3.5.2
sloop,C:/Users/mikkmart/OneDrive - Orion Corporation/R/win-library/3.5,0.0.0.9000,NA,3.5.1
snakecase,C:/Users/mikkmart/OneDrive - Orion Corporation/R/win-library/3.5,0.9.2,NA,3.5.2
SnowballC,C:/Users/mikkmart/OneDrive - Orion Corporation/R/win-library/3.5,0.5.1,NA,3.5.2
sourcetools,C:/Users/mikkmart/OneDrive - Orion Corporation/R/win-library/3.5,0.1.7,NA,3.5.2
sp,C:/Users/mikkmart/OneDrive - Orion Corporation/R/win-library/3.5,1.3-1,NA,3.5.2
SparseM,C:/Users/mikkmart/OneDrive - Orion Corporation/R/win-library/3.5,1.77,NA,3.5.2
StanHeaders,C:/Users/mikkmart/OneDrive - Orion Corporation/R/win-library/3.5,2.18.0,NA,3.5.1
stringdist,C:/Users/mikkmart/OneDrive - Orion Corporation/R/win-library/3.5,0.9.5.1,NA,3.5.2
stringi,C:/Users/mikkmart/OneDrive - Orion Corporation/R/win-library/3.5,1.2.4,NA,3.5.1
stringr,C:/Users/mikkmart/OneDrive - Orion Corporation/R/win-library/3.5,1.3.1,NA,3.5.2
subprocess,C:/Users/mikkmart/OneDrive - Orion Corporation/R/win-library/3.5,0.8.3,NA,3.5.1
survey,C:/Users/mikkmart/OneDrive - Orion Corporation/R/win-library/3.5,3.35,NA,3.5.2
survival,C:/Users/mikkmart/OneDrive - Orion Corporation/R/win-library/3.5,2.43-3,recommended,3.5.2
svUnit,C:/Users/mikkmart/OneDrive - Orion Corporation/R/win-library/3.5,0.7-12,NA,3.5.1
systemfit,C:/Users/mikkmart/OneDrive - Orion Corporation/R/win-library/3.5,1.1-22,NA,3.5.1
tableone,C:/Users/mikkmart/OneDrive - Orion Corporation/R/win-library/3.5,0.9.3,NA,3.5.2
tabulizer,C:/Users/mikkmart/OneDrive - Orion Corporation/R/win-library/3.5,0.2.2,NA,3.5.1
tabulizerjars,C:/Users/mikkmart/OneDrive - Orion Corporation/R/win-library/3.5,1.0.1,NA,3.5.0
tensorflow,C:/Users/mikkmart/OneDrive - Orion Corporation/R/win-library/3.5,1.10,NA,3.5.2
tfruns,C:/Users/mikkmart/OneDrive - Orion Corporation/R/win-library/3.5,1.4,NA,3.5.2
threejs,C:/Users/mikkmart/OneDrive - Orion Corporation/R/win-library/3.5,0.3.1,NA,3.5.1
tibble,C:/Users/mikkmart/OneDrive - Orion Corporation/R/win-library/3.5,1.4.99.9006,NA,3.5.1
tidybayes,C:/Users/mikkmart/OneDrive - Orion Corporation/R/win-library/3.5,1.0.3,NA,3.5.2
tidymodels,C:/Users/mikkmart/OneDrive - Orion Corporation/R/win-library/3.5,0.0.2,NA,3.5.1
tidyposterior,C:/Users/mikkmart/OneDrive - Orion Corporation/R/win-library/3.5,0.0.2,NA,3.5.1
tidypredict,C:/Users/mikkmart/OneDrive - Orion Corporation/R/win-library/3.5,0.2.0,NA,3.5.1
tidyr,C:/Users/mikkmart/OneDrive - Orion Corporation/R/win-library/3.5,0.8.2,NA,3.5.1
tidyselect,C:/Users/mikkmart/OneDrive - Orion Corporation/R/win-library/3.5,0.2.5,NA,3.5.1
tidytext,C:/Users/mikkmart/OneDrive - Orion Corporation/R/win-library/3.5,0.2.0,NA,3.5.1
tidyverse,C:/Users/mikkmart/OneDrive - Orion Corporation/R/win-library/3.5,1.2.1,NA,3.5.2
tinytex,C:/Users/mikkmart/OneDrive - Orion Corporation/R/win-library/3.5,0.9,NA,3.5.2
TraMineR,C:/Users/mikkmart/OneDrive - Orion Corporation/R/win-library/3.5,2.1-10,NA,3.5.1
transformr,C:/Users/mikkmart/OneDrive - Orion Corporation/R/win-library/3.5,0.1.0,NA,3.5.1
tsibble,C:/Users/mikkmart/OneDrive - Orion Corporation/R/win-library/3.5,0.5.1,NA,3.5.1
tweenr,C:/Users/mikkmart/OneDrive - Orion Corporation/R/win-library/3.5,0.1.5.9999,NA,3.5.1
udapi,C:/Users/mikkmart/OneDrive - Orion Corporation/R/win-library/3.5,0.1.3,NA,3.5.2
units,C:/Users/mikkmart/OneDrive - Orion Corporation/R/win-library/3.5,0.6-2,NA,3.5.2
UpSetR,C:/Users/mikkmart/OneDrive - Orion Corporation/R/win-library/3.5,1.3.3,NA,3.5.1
usethis,C:/Users/mikkmart/OneDrive - Orion Corporation/R/win-library/3.5,1.4.0,NA,3.5.2
utf8,C:/Users/mikkmart/OneDrive - Orion Corporation/R/win-library/3.5,1.1.4,NA,3.5.2
vctrs,C:/Users/mikkmart/OneDrive - Orion Corporation/R/win-library/3.5,0.0.0.9000,NA,3.5.1
viridis,C:/Users/mikkmart/OneDrive - Orion Corporation/R/win-library/3.5,0.5.1,NA,3.5.2
viridisLite,C:/Users/mikkmart/OneDrive - Orion Corporation/R/win-library/3.5,0.3.0,NA,3.5.2
visdat,C:/Users/mikkmart/OneDrive - Orion Corporation/R/win-library/3.5,0.5.2,NA,3.5.2
visreg,C:/Users/mikkmart/OneDrive - Orion Corporation/R/win-library/3.5,2.5-0,NA,3.5.1
wdman,C:/Users/mikkmart/OneDrive - Orion Corporation/R/win-library/3.5,0.2.4,NA,3.5.1
whisker,C:/Users/mikkmart/OneDrive - Orion Corporation/R/win-library/3.5,0.3-2,NA,3.5.2
whoami,C:/Users/mikkmart/OneDrive - Orion Corporation/R/win-library/3.5,1.2.0,NA,3.5.1
widgetframe,C:/Users/mikkmart/OneDrive - Orion Corporation/R/win-library/3.5,0.3.1,NA,3.5.1
withr,C:/Users/mikkmart/OneDrive - Orion Corporation/R/win-library/3.5,2.1.2,NA,3.5.2
WrapRmd,C:/Users/mikkmart/OneDrive - Orion Corporation/R/win-library/3.5,0.0.0.9001,NA,3.5.1
xaringan,C:/Users/mikkmart/OneDrive - Orion Corporation/R/win-library/3.5,0.8,NA,3.5.2
xfun,C:/Users/mikkmart/OneDrive - Orion Corporation/R/win-library/3.5,0.4,NA,3.5.2
xml2,C:/Users/mikkmart/OneDrive - Orion Corporation/R/win-library/3.5,1.2.0,NA,3.5.2
xopen,C:/Users/mikkmart/OneDrive - Orion Corporation/R/win-library/3.5,1.0.0,NA,3.5.2
xtable,C:/Users/mikkmart/OneDrive - Orion Corporation/R/win-library/3.5,1.8-3,NA,3.5.2
xts,C:/Users/mikkmart/OneDrive - Orion Corporation/R/win-library/3.5,0.11-0,NA,3.5.1
yaml,C:/Users/mikkmart/OneDrive - Orion Corporation/R/win-library/3.5,2.2.0,NA,3.5.2
yardstick,C:/Users/mikkmart/OneDrive - Orion Corporation/R/win-library/3.5,0.0.2,NA,3.5.1
yesno,C:/Users/mikkmart/OneDrive - Orion Corporation/R/win-library/3.5,0.1.0,NA,3.5.2
zeallot,C:/Users/mikkmart/OneDrive - Orion Corporation/R/win-library/3.5,0.1.0,NA,3.5.1
zip,C:/Users/mikkmart/OneDrive - Orion Corporation/R/win-library/3.5,1.0.0,NA,3.5.2
zoo,C:/Users/mikkmart/OneDrive - Orion Corporation/R/win-library/3.5,1.8-4,NA,3.5.2
base,C:/Users/mikkmart/R/R-3.5.2/library,3.5.2,base,3.5.2
boot,C:/Users/mikkmart/R/R-3.5.2/library,1.3-20,recommended,3.5.2
class,C:/Users/mikkmart/R/R-3.5.2/library,7.3-14,recommended,3.5.2
cluster,C:/Users/mikkmart/R/R-3.5.2/library,2.0.7-1,recommended,3.5.2
codetools,C:/Users/mikkmart/R/R-3.5.2/library,0.2-15,recommended,3.5.2
compiler,C:/Users/mikkmart/R/R-3.5.2/library,3.5.2,base,3.5.2
datasets,C:/Users/mikkmart/R/R-3.5.2/library,3.5.2,base,3.5.2
foreign,C:/Users/mikkmart/R/R-3.5.2/library,0.8-71,recommended,3.5.2
graphics,C:/Users/mikkmart/R/R-3.5.2/library,3.5.2,base,3.5.2
grDevices,C:/Users/mikkmart/R/R-3.5.2/library,3.5.2,base,3.5.2
grid,C:/Users/mikkmart/R/R-3.5.2/library,3.5.2,base,3.5.2
KernSmooth,C:/Users/mikkmart/R/R-3.5.2/library,2.23-15,recommended,3.5.2
lattice,C:/Users/mikkmart/R/R-3.5.2/library,0.20-38,recommended,3.5.2
MASS,C:/Users/mikkmart/R/R-3.5.2/library,7.3-51.1,recommended,3.5.2
Matrix,C:/Users/mikkmart/R/R-3.5.2/library,1.2-15,recommended,3.5.2
methods,C:/Users/mikkmart/R/R-3.5.2/library,3.5.2,base,3.5.2
mgcv,C:/Users/mikkmart/R/R-3.5.2/library,1.8-26,recommended,3.5.2
nlme,C:/Users/mikkmart/R/R-3.5.2/library,3.1-137,recommended,3.5.2
nnet,C:/Users/mikkmart/R/R-3.5.2/library,7.3-12,recommended,3.5.2
parallel,C:/Users/mikkmart/R/R-3.5.2/library,3.5.2,base,3.5.2
rpart,C:/Users/mikkmart/R/R-3.5.2/library,4.1-13,recommended,3.5.2
spatial,C:/Users/mikkmart/R/R-3.5.2/library,7.3-11,recommended,3.5.2
splines,C:/Users/mikkmart/R/R-3.5.2/library,3.5.2,base,3.5.2
stats,C:/Users/mikkmart/R/R-3.5.2/library,3.5.2,base,3.5.2
stats4,C:/Users/mikkmart/R/R-3.5.2/library,3.5.2,base,3.5.2
survival,C:/Users/mikkmart/R/R-3.5.2/library,2.43-3,recommended,3.5.2
tcltk,C:/Users/mikkmart/R/R-3.5.2/library,3.5.2,base,3.5.2
tools,C:/Users/mikkmart/R/R-3.5.2/library,3.5.2,base,3.5.2
utils,C:/Users/mikkmart/R/R-3.5.2/library,3.5.2,base,3.5.2
